{
    "DataVersion": 0,
    "Entities": [
        {
            "backgroundColor": {
                "blue": 64,
                "green": 64,
                "red": 64
            },
            "clientOnly": false,
            "created": "2018-07-30T18:58:06Z",
            "dimensions": {
                "blue": 0.009999999776482582,
                "green": 0.30000001192092896,
                "red": 0.6499999761581421,
                "x": 0.6499999761581421,
                "y": 0.30000001192092896,
                "z": 0.009999999776482582
            },
            "id": "{aa02645e-76d0-486a-94d1-87de57e0a123}",
            "lastEdited": 1532977113793516,
            "lastEditedBy": "{1e53c2f3-bd24-4c12-b582-fa5f8f38338e}",
            "lineHeight": 0.05999999865889549,
            "name": "KeyboardInput",
            "owningAvatarID": "{00000000-0000-0000-0000-000000000000}",
            "queryAACube": {
                "scale": 0.7159608602523804,
                "x": -0.3579804301261902,
                "y": -0.3579804301261902,
                "z": -0.3579804301261902
            },
            "rotation": {
                "w": -0.0029144883155822754,
                "x": 0.0002593994140625,
                "y": 0.9945067167282104,
                "z": 0.10450899600982666
            },
            "type": "Text",
            "userData": "{\"grabbableKey\":{\"grabbable\":true}}"
        }
    ],
    "Id": "{8a4fe65d-f786-4a74-bfbd-62382b42dfb6}",
    "Version": 92
}
